{"Welding": [463.3044721848586, 297.7542667220688], "Material": [290.47559778353354, 154.91451561829192]}